"atomSerialNumber","resID","X","Y","Z","virusPercent","Cluster_Index","Is_high"
856,142,182.206,266.883,242.51,0.715162514795645,1,1
3966,614,181.025,216.062,202.644,0.989406003007115,1,1
4120,655,173.77,228.399,191.254,0.477972908694149,1,1
2034,339,183.054,199.918,256.738,0.501156905430061,20,1
2296,371,188.813,210.869,255.817,0.582900848589608,20,1
2307,373,192.299,208.862,259.589,0.466496155098748,20,1
2324,375,198.317,207.713,257.004,0.466523294652695,20,1
2330,376,198.463,207.167,253.284,0.348129678295331,20,1
2558,405,208.361,200.645,257.474,0.347683776735082,20,1
2582,408,206.413,201.398,251.069,0.343302902070525,20,1
2646,417,211.305,190.849,251.74,0.463976765395207,20,1
2832,440,196.185,202.27,269.61,0.449875341604385,20,1
2915,452,202.768,186.366,261.19,0.507181361970326,20,1
3089,498,203.898,197.118,271.361,0.465561741567465,20,1
3112,501,207.75,200.641,269.368,0.587284083215378,20,1
3131,505,208.024,199.506,264.169,0.465819895102346,20,1
4840,764,223.795,216.4,206.072,0.463228002145991,24,1
5095,796,220.943,238.302,157.121,0.468323551731136,24,1
6071,950,205.994,227.898,192.536,0.295666429446861,24,1
6101,954,207.691,225.734,197.946,0.467844610713909,24,1
6213,969,208.611,223.406,223.105,0.467876994626106,24,1
7373,1117,201.665,209.854,135.289,0.0013088607103693,26,1
7380,1118,204.46,211.646,137.151,0.107846294152907,26,1
7536,1139,201.002,211.585,129.99,0.00086859683523957,26,1
7544,1140,203.71,214.294,129.434,0.000212789836014161,26,1
7551,1141,205.378,212.067,126.853,0.000350454240089867,26,1
7559,1142,202.439,211.937,124.48,5.89990303181594e-05,26,1
7568,1143,202.685,215.526,123.036,0.00127149465783446,26,1
7575,1144,206.443,215.186,122.616,0.000445508233380235,26,1
7584,1145,205.971,212.152,120.414,0.000153397478827214,26,1
7592,1146,202.726,213.473,118.918,0.466039502604086,26,1
7600,1147,204.416,216.678,117.584,0.00322528032405938,26,1
